uf,localidades,faixas_escritura,faixas_registro,itbi_regras_conferidas,itbi_regras_pendentes,itbi_regras_parciais,iss_localidades_com_cadastro_ativo,iss_base_repasso_confirmado,status
AC,6,15,15,0,12,0,6,PENDENTE,FAIXAS_TRANSCRITAS_ISS_PENDENTE
AL,6,26,26,0,12,0,5,MODELO_ESTADUAL_AL; LEI_LOCAL_A_VALIDAR,FAIXAS_E_MODELO_ISS_CONFERIDOS
AM,6,0,0,0,12,0,5,PENDENTE,FONTE_INTEGRAL_OBTIDA_MOTOR_PENDENTE
AP,6,0,0,0,12,0,4,PENDENTE,PENDENTE_TABELA_FINANCEIRA
BA,6,21,21,0,12,0,5,PENDENTE,PARCIAL_COMPONENTES_ISS
CE,6,9,8,1,10,1,4,PENDENTE,FAIXAS_TRANSCRITAS_ISS_PENDENTE
DF,1,11,10,2,0,0,0,PENDENTE,FAIXAS_TRANSCRITAS_ISS_PENDENTE
ES,6,34,35,1,10,1,6,PENDENTE,FAIXAS_TRANSCRITAS_ISS_PENDENTE
GO,6,0,0,2,6,4,6,PENDENTE,PENDENTE_TABELA_FINANCEIRA
MA,6,0,0,0,8,4,6,PENDENTE,PENDENTE_TABELA_FINANCEIRA
MG,6,23,23,2,8,2,4,PENDENTE,FAIXAS_TRANSCRITAS_ISS_PENDENTE
MS,6,0,0,0,12,0,5,PENDENTE,FONTE_INTEGRAL_OBTIDA_MOTOR_PENDENTE
MT,6,0,0,2,10,0,6,PENDENTE,FONTE_INTEGRAL_OBTIDA_MOTOR_PENDENTE
PA,6,0,0,0,10,2,3,PENDENTE,PENDENTE_TABELA_FINANCEIRA
PB,6,0,0,2,10,0,5,PENDENTE,FONTE_INTEGRAL_OBTIDA_MOTOR_PENDENTE
PE,6,0,0,1,10,1,5,PENDENTE,PENDENTE_TABELA_FINANCEIRA
PI,6,0,0,0,12,0,5,PENDENTE,PENDENTE_TABELA_FINANCEIRA
PR,6,0,0,2,10,0,6,PENDENTE,FONTE_INTEGRAL_OBTIDA_MOTOR_PENDENTE
RJ,6,8,8,1,10,1,4,PENDENTE,FAIXAS_TRANSCRITAS_ISS_PENDENTE
RN,6,0,0,0,12,0,6,PENDENTE,PENDENTE_TABELA_FINANCEIRA
RO,6,0,0,2,10,0,6,PENDENTE,PENDENTE_TABELA_FINANCEIRA
RR,6,12,12,0,12,0,6,PENDENTE,FAIXAS_TRANSCRITAS_ISS_PENDENTE
RS,6,26,32,1,10,1,3,PENDENTE,FAIXAS_TRANSCRITAS_ISS_PENDENTE
SC,6,0,0,0,12,0,6,PENDENTE,PENDENTE_TABELA_FINANCEIRA
SE,6,0,0,1,10,1,6,PENDENTE,PENDENTE_TABELA_FINANCEIRA
SP,6,0,0,2,10,0,0,PENDENTE,PENDENTE_TABELA_FINANCEIRA
TO,6,0,0,0,12,0,6,PENDENTE,FONTE_INTEGRAL_OBTIDA_MOTOR_PENDENTE
