metodo,operacao,aplicacao,
FAIXA_FIXA,Buscar uma faixa única porBC e devolvervalor fixo; não somar faixas.,AC/AL/BA/DF/MG/RR transcritas,
PARCELA_FINANCIADA_LIMITADA,"R=min(F,L,BC); taxa_reduzida*R+taxa_geral*(BC-R); verificar tetoV.",SãoPaulo;JFpendenteL,
DUAS_PARCELAS,taxa_fin*F+taxa_resto*(BC-F); requer programa comprovado.,CuiabáSFH,
ALIQUOTA_FAIXA_IMOVEL,Taxa escolhida pelo valorimóvel e condições; incideBCinteira.,Curitiba,
FIXO_ACRESCIMO_TETO,"Fixo+incrementos; definir ceil/floor, primeira faixa, teto e componentes.",MTparcial,
EXCEDENTE_PASSOS,n=ceil((BC-limiar)/passo); limites e composição dos brutos.,MGparcial,
UNIDADE_FISCAL,Converter faixas/tarifas pela unidade doano e arredondamento previsto.,PRVRC;CaxiasVRMpendente,
ISS_ADITIVO,ISS=base_iss*a; total=subtotal+ISS.,ALbaseVE explícita,
ISS_POR_DENTRO,Receitalíquida/(1-a); não adotar sem norma local.,Não normalizado emnenhuma jurisdição desta entrega,
BENEFICIO_TEMPORARIO,"Resolver lei, data, prazo e prioridade antes da regra geral.",Aparecida/Belém/Fortaleza etc. bloqueios parciais,
