codigo_ibge,uf,municipio,capital,populacao_2025,posicao_populacao_uf,criterio,fonte_pop,iss_aliquota,iss_status,iss_registros_ativos,iss_base_repasso,itbi_aliquota_geral,itbi_avista_status,itbi_financiado_status
1200401,AC,Rio Branco,True,389001,1,CAPITAL,F2aac7eac9a37,0.05,CADASTRO_ATIVO_BASE_NFSE,1,PENDENTE_VALIDACAO_LEI_LOCAL,,PENDENTE,PENDENTE_OU_PARCIAL
1200203,AC,Cruzeiro do Sul,False,98916,2,5_MAIORES_NAO_CAPITAIS,F2aac7eac9a37,0.05,CADASTRO_ATIVO_BASE_NFSE,1,PENDENTE_VALIDACAO_LEI_LOCAL,,PENDENTE,PENDENTE_OU_PARCIAL
1200609,AC,Tarauacá,False,46816,3,5_MAIORES_NAO_CAPITAIS,F2aac7eac9a37,0.05,CADASTRO_ATIVO_BASE_NFSE,1,PENDENTE_VALIDACAO_LEI_LOCAL,,PENDENTE,PENDENTE_OU_PARCIAL
1200500,AC,Sena Madureira,False,44049,4,5_MAIORES_NAO_CAPITAIS,F2aac7eac9a37,0.05,CADASTRO_ATIVO_BASE_NFSE,1,PENDENTE_VALIDACAO_LEI_LOCAL,,PENDENTE,PENDENTE_OU_PARCIAL
1200302,AC,Feijó,False,37764,5,5_MAIORES_NAO_CAPITAIS,F2aac7eac9a37,0.05,CADASTRO_ATIVO_BASE_NFSE,1,PENDENTE_VALIDACAO_LEI_LOCAL,,PENDENTE,PENDENTE_OU_PARCIAL
1200104,AC,Brasiléia,False,28028,6,5_MAIORES_NAO_CAPITAIS,F2aac7eac9a37,0.05,CADASTRO_ATIVO_BASE_NFSE,1,PENDENTE_VALIDACAO_LEI_LOCAL,,PENDENTE,PENDENTE_OU_PARCIAL
2704302,AL,Maceió,True,994952,1,CAPITAL,F2aac7eac9a37,,SEM_REGISTRO_ATIVO,0,PENDENTE_VALIDACAO_LEI_LOCAL,,PENDENTE,PENDENTE_OU_PARCIAL
2700300,AL,Arapiraca,False,243906,2,5_MAIORES_NAO_CAPITAIS,F2aac7eac9a37,0.05,CADASTRO_ATIVO_BASE_NFSE,1,PENDENTE_VALIDACAO_LEI_LOCAL,,PENDENTE,PENDENTE_OU_PARCIAL
2707701,AL,Rio Largo,False,97658,3,5_MAIORES_NAO_CAPITAIS,F2aac7eac9a37,0.05,CADASTRO_ATIVO_BASE_NFSE,1,PENDENTE_VALIDACAO_LEI_LOCAL,,PENDENTE,PENDENTE_OU_PARCIAL
2706307,AL,Palmeira dos Índios,False,73621,4,5_MAIORES_NAO_CAPITAIS,F2aac7eac9a37,0.05,CADASTRO_ATIVO_BASE_NFSE,1,PENDENTE_VALIDACAO_LEI_LOCAL,,PENDENTE,PENDENTE_OU_PARCIAL
2704708,AL,Marechal Deodoro,False,62477,5,5_MAIORES_NAO_CAPITAIS,F2aac7eac9a37,0.05,CADASTRO_ATIVO_BASE_NFSE,1,PENDENTE_VALIDACAO_LEI_LOCAL,,PENDENTE,PENDENTE_OU_PARCIAL
2709301,AL,União dos Palmares,False,60860,6,5_MAIORES_NAO_CAPITAIS,F2aac7eac9a37,0.05,CADASTRO_ATIVO_BASE_NFSE,1,PENDENTE_VALIDACAO_LEI_LOCAL,,PENDENTE,PENDENTE_OU_PARCIAL
1600303,AP,Macapá,True,489676,1,CAPITAL,F2aac7eac9a37,0.05,CADASTRO_ATIVO_BASE_NFSE,1,PENDENTE_VALIDACAO_LEI_LOCAL,,PENDENTE,PENDENTE_OU_PARCIAL
1600600,AP,Santana,False,118803,2,5_MAIORES_NAO_CAPITAIS,F2aac7eac9a37,0.05,CADASTRO_ATIVO_BASE_NFSE,1,PENDENTE_VALIDACAO_LEI_LOCAL,,PENDENTE,PENDENTE_OU_PARCIAL
1600279,AP,Laranjal do Jari,False,37872,3,5_MAIORES_NAO_CAPITAIS,F2aac7eac9a37,0.05,CADASTRO_ATIVO_BASE_NFSE,1,PENDENTE_VALIDACAO_LEI_LOCAL,,PENDENTE,PENDENTE_OU_PARCIAL
1600501,AP,Oiapoque,False,30786,4,5_MAIORES_NAO_CAPITAIS,F2aac7eac9a37,,SEM_REGISTRO_ATIVO,0,PENDENTE_VALIDACAO_LEI_LOCAL,,PENDENTE,PENDENTE_OU_PARCIAL
1600402,AP,Mazagão,False,23773,5,5_MAIORES_NAO_CAPITAIS,F2aac7eac9a37,,SEM_REGISTRO_ATIVO,0,PENDENTE_VALIDACAO_LEI_LOCAL,,PENDENTE,PENDENTE_OU_PARCIAL
1600535,AP,Porto Grande,False,19048,6,5_MAIORES_NAO_CAPITAIS,F2aac7eac9a37,0.05,CADASTRO_ATIVO_BASE_NFSE,1,PENDENTE_VALIDACAO_LEI_LOCAL,,PENDENTE,PENDENTE_OU_PARCIAL
1302603,AM,Manaus,True,2303732,1,CAPITAL,F2aac7eac9a37,,SEM_REGISTRO_ATIVO,0,PENDENTE_VALIDACAO_LEI_LOCAL,,PENDENTE,PENDENTE_OU_PARCIAL
1301902,AM,Itacoatiara,False,113917,2,5_MAIORES_NAO_CAPITAIS,F2aac7eac9a37,0.05,CADASTRO_ATIVO_BASE_NFSE,1,PENDENTE_VALIDACAO_LEI_LOCAL,,PENDENTE,PENDENTE_OU_PARCIAL
1302504,AM,Manacapuru,False,111751,3,5_MAIORES_NAO_CAPITAIS,F2aac7eac9a37,0.05,CADASTRO_ATIVO_BASE_NFSE,1,PENDENTE_VALIDACAO_LEI_LOCAL,,PENDENTE,PENDENTE_OU_PARCIAL
1303403,AM,Parintins,False,101855,4,5_MAIORES_NAO_CAPITAIS,F2aac7eac9a37,0.05,CADASTRO_ATIVO_BASE_NFSE,1,PENDENTE_VALIDACAO_LEI_LOCAL,,PENDENTE,PENDENTE_OU_PARCIAL
1304203,AM,Tefé,False,80137,5,5_MAIORES_NAO_CAPITAIS,F2aac7eac9a37,0.05,CADASTRO_ATIVO_BASE_NFSE,1,PENDENTE_VALIDACAO_LEI_LOCAL,,PENDENTE,PENDENTE_OU_PARCIAL
1301209,AM,Coari,False,73576,6,5_MAIORES_NAO_CAPITAIS,F2aac7eac9a37,0.05,CADASTRO_ATIVO_BASE_NFSE,1,PENDENTE_VALIDACAO_LEI_LOCAL,,PENDENTE,PENDENTE_OU_PARCIAL
2927408,BA,Salvador,True,2564204,1,CAPITAL,F2aac7eac9a37,0.05,CADASTRO_ATIVO_BASE_NFSE,1,PENDENTE_VALIDACAO_LEI_LOCAL,,PENDENTE,PENDENTE_OU_PARCIAL
2910800,BA,Feira de Santana,False,660806,2,5_MAIORES_NAO_CAPITAIS,F2aac7eac9a37,0.03,CADASTRO_ATIVO_BASE_NFSE,1,PENDENTE_VALIDACAO_LEI_LOCAL,,PENDENTE,PENDENTE_OU_PARCIAL
2933307,BA,Vitória da Conquista,False,396613,3,5_MAIORES_NAO_CAPITAIS,F2aac7eac9a37,0.05,CADASTRO_ATIVO_BASE_NFSE,1,PENDENTE_VALIDACAO_LEI_LOCAL,,PENDENTE,PENDENTE_OU_PARCIAL
2905701,BA,Camaçari,False,321636,4,5_MAIORES_NAO_CAPITAIS,F2aac7eac9a37,,SEM_REGISTRO_ATIVO,0,PENDENTE_VALIDACAO_LEI_LOCAL,,PENDENTE,PENDENTE_OU_PARCIAL
2918407,BA,Juazeiro,False,256122,5,5_MAIORES_NAO_CAPITAIS,F2aac7eac9a37,0.05,CADASTRO_ATIVO_BASE_NFSE,1,PENDENTE_VALIDACAO_LEI_LOCAL,,PENDENTE,PENDENTE_OU_PARCIAL
2919207,BA,Lauro de Freitas,False,219564,6,5_MAIORES_NAO_CAPITAIS,F2aac7eac9a37,0.05,CADASTRO_ATIVO_BASE_NFSE,1,PENDENTE_VALIDACAO_LEI_LOCAL,,PENDENTE,PENDENTE_OU_PARCIAL
2304400,CE,Fortaleza,True,2578483,1,CAPITAL,F2aac7eac9a37,,SEM_REGISTRO_ATIVO,0,PENDENTE_VALIDACAO_LEI_LOCAL,0.04,FONTE_PRIMARIA_CONFERIDA,PENDENTE_OU_PARCIAL
2303709,CE,Caucaia,False,378406,2,5_MAIORES_NAO_CAPITAIS,F2aac7eac9a37,,SEM_REGISTRO_ATIVO,0,PENDENTE_VALIDACAO_LEI_LOCAL,,PENDENTE,PENDENTE_OU_PARCIAL
2307304,CE,Juazeiro do Norte,False,305531,3,5_MAIORES_NAO_CAPITAIS,F2aac7eac9a37,0.02,CADASTRO_ATIVO_BASE_NFSE,1,PENDENTE_VALIDACAO_LEI_LOCAL,,PENDENTE,PENDENTE_OU_PARCIAL
2307650,CE,Maracanaú,False,251613,4,5_MAIORES_NAO_CAPITAIS,F2aac7eac9a37,0.05,CADASTRO_ATIVO_BASE_NFSE,1,PENDENTE_VALIDACAO_LEI_LOCAL,,PENDENTE,PENDENTE_OU_PARCIAL
2312908,CE,Sobral,False,216519,5,5_MAIORES_NAO_CAPITAIS,F2aac7eac9a37,0.05,CADASTRO_ATIVO_BASE_NFSE,1,PENDENTE_VALIDACAO_LEI_LOCAL,,PENDENTE,PENDENTE_OU_PARCIAL
2304202,CE,Crato,False,139027,6,5_MAIORES_NAO_CAPITAIS,F2aac7eac9a37,0.05,CADASTRO_ATIVO_BASE_NFSE,1,PENDENTE_VALIDACAO_LEI_LOCAL,,PENDENTE,PENDENTE_OU_PARCIAL
5300108,DF,Brasília,True,2996899,1,CAPITAL,F2aac7eac9a37,,SEM_REGISTRO_ATIVO,0,PENDENTE_VALIDACAO_LEI_LOCAL,0.02,FONTE_PRIMARIA_CONFERIDA,FONTE_PRIMARIA_CONFERIDA
3205309,ES,Vitória,True,343378,4,CAPITAL,F2aac7eac9a37,0.05,CADASTRO_ATIVO_BASE_NFSE,1,PENDENTE_VALIDACAO_LEI_LOCAL,0.02,FONTE_PRIMARIA_CONFERIDA,PENDENTE_OU_PARCIAL
3205002,ES,Serra,False,579720,1,5_MAIORES_NAO_CAPITAIS,F2aac7eac9a37,0.05,CADASTRO_ATIVO_BASE_NFSE,1,PENDENTE_VALIDACAO_LEI_LOCAL,,PENDENTE,PENDENTE_OU_PARCIAL
3205200,ES,Vila Velha,False,506779,2,5_MAIORES_NAO_CAPITAIS,F2aac7eac9a37,0.05,CADASTRO_ATIVO_BASE_NFSE,1,PENDENTE_VALIDACAO_LEI_LOCAL,,PENDENTE,PENDENTE_OU_PARCIAL
3201308,ES,Cariacica,False,376200,3,5_MAIORES_NAO_CAPITAIS,F2aac7eac9a37,0.05,CADASTRO_ATIVO_BASE_NFSE,1,PENDENTE_VALIDACAO_LEI_LOCAL,,PENDENTE,PENDENTE_OU_PARCIAL
3201209,ES,Cachoeiro de Itapemirim,False,198342,5,5_MAIORES_NAO_CAPITAIS,F2aac7eac9a37,0.05,CADASTRO_ATIVO_BASE_NFSE,1,PENDENTE_VALIDACAO_LEI_LOCAL,,PENDENTE,PENDENTE_OU_PARCIAL
3203205,ES,Linhares,False,183797,6,5_MAIORES_NAO_CAPITAIS,F2aac7eac9a37,0.05,CADASTRO_ATIVO_BASE_NFSE,1,PENDENTE_VALIDACAO_LEI_LOCAL,,PENDENTE,PENDENTE_OU_PARCIAL
5208707,GO,Goiânia,True,1503256,1,CAPITAL,F2aac7eac9a37,0.05,CADASTRO_ATIVO_BASE_NFSE,1,PENDENTE_VALIDACAO_LEI_LOCAL,0.02,FONTE_PRIMARIA_CONFERIDA,FONTE_PRIMARIA_CONFERIDA
5201405,GO,Aparecida de Goiânia,False,556021,2,5_MAIORES_NAO_CAPITAIS,F2aac7eac9a37,0.03,CADASTRO_ATIVO_BASE_NFSE,1,PENDENTE_VALIDACAO_LEI_LOCAL,0.025,PARCIAL,PENDENTE_OU_PARCIAL
5201108,GO,Anápolis,False,420300,3,5_MAIORES_NAO_CAPITAIS,F2aac7eac9a37,0.05,CADASTRO_ATIVO_BASE_NFSE,1,PENDENTE_VALIDACAO_LEI_LOCAL,0.015,PARCIAL,PENDENTE_OU_PARCIAL
5200258,GO,Águas Lindas de Goiás,False,245352,4,5_MAIORES_NAO_CAPITAIS,F2aac7eac9a37,0.05,CADASTRO_ATIVO_BASE_NFSE,1,PENDENTE_VALIDACAO_LEI_LOCAL,,PENDENTE,PENDENTE_OU_PARCIAL
5218805,GO,Rio Verde,False,241494,5,5_MAIORES_NAO_CAPITAIS,F2aac7eac9a37,0.05,CADASTRO_ATIVO_BASE_NFSE,1,PENDENTE_VALIDACAO_LEI_LOCAL,,PENDENTE,PENDENTE_OU_PARCIAL
5212501,GO,Luziânia,False,221262,6,5_MAIORES_NAO_CAPITAIS,F2aac7eac9a37,0.03,CADASTRO_ATIVO_BASE_NFSE,1,PENDENTE_VALIDACAO_LEI_LOCAL,,PENDENTE,PENDENTE_OU_PARCIAL
2111300,MA,São Luís,True,1089215,1,CAPITAL,F2aac7eac9a37,0.05,CADASTRO_ATIVO_BASE_NFSE,1,PENDENTE_VALIDACAO_LEI_LOCAL,,PENDENTE,PENDENTE_OU_PARCIAL
2105302,MA,Imperatriz,False,285806,2,5_MAIORES_NAO_CAPITAIS,F2aac7eac9a37,0.05,CADASTRO_ATIVO_BASE_NFSE,1,PENDENTE_VALIDACAO_LEI_LOCAL,0.02,PARCIAL,PENDENTE_OU_PARCIAL
2111201,MA,São José de Ribamar,False,259164,3,5_MAIORES_NAO_CAPITAIS,F2aac7eac9a37,0.05,CADASTRO_ATIVO_BASE_NFSE,1,PENDENTE_VALIDACAO_LEI_LOCAL,,PENDENTE,PENDENTE_OU_PARCIAL
2112209,MA,Timon,False,182711,4,5_MAIORES_NAO_CAPITAIS,F2aac7eac9a37,0.05,CADASTRO_ATIVO_BASE_NFSE,1,PENDENTE_VALIDACAO_LEI_LOCAL,0.02,PARCIAL,PENDENTE_OU_PARCIAL
2103000,MA,Caxias,False,163546,5,5_MAIORES_NAO_CAPITAIS,F2aac7eac9a37,0.04,CADASTRO_ATIVO_BASE_NFSE,1,PENDENTE_VALIDACAO_LEI_LOCAL,,PENDENTE,PENDENTE_OU_PARCIAL
2107506,MA,Paço do Lumiar,False,153158,6,5_MAIORES_NAO_CAPITAIS,F2aac7eac9a37,0.05,CADASTRO_ATIVO_BASE_NFSE,1,PENDENTE_VALIDACAO_LEI_LOCAL,,PENDENTE,PENDENTE_OU_PARCIAL
5103403,MT,Cuiabá,True,691875,1,CAPITAL,F2aac7eac9a37,0.05,CADASTRO_ATIVO_BASE_NFSE,1,PENDENTE_VALIDACAO_LEI_LOCAL,0.02,FONTE_PRIMARIA_CONFERIDA,FONTE_PRIMARIA_CONFERIDA
5108402,MT,Várzea Grande,False,318922,2,5_MAIORES_NAO_CAPITAIS,F2aac7eac9a37,0.03,CADASTRO_ATIVO_BASE_NFSE,1,PENDENTE_VALIDACAO_LEI_LOCAL,,PENDENTE,PENDENTE_OU_PARCIAL
5107602,MT,Rondonópolis,False,263708,3,5_MAIORES_NAO_CAPITAIS,F2aac7eac9a37,0.04,CADASTRO_ATIVO_BASE_NFSE,1,PENDENTE_VALIDACAO_LEI_LOCAL,,PENDENTE,PENDENTE_OU_PARCIAL
5107909,MT,Sinop,False,223780,4,5_MAIORES_NAO_CAPITAIS,F2aac7eac9a37,0.04,CADASTRO_ATIVO_BASE_NFSE,1,PENDENTE_VALIDACAO_LEI_LOCAL,,PENDENTE,PENDENTE_OU_PARCIAL
5107925,MT,Sorriso,False,124665,5,5_MAIORES_NAO_CAPITAIS,F2aac7eac9a37,0.02,CADASTRO_ATIVO_BASE_NFSE,1,PENDENTE_VALIDACAO_LEI_LOCAL,,PENDENTE,PENDENTE_OU_PARCIAL
5107958,MT,Tangará da Serra,False,114603,6,5_MAIORES_NAO_CAPITAIS,F2aac7eac9a37,0.05,CADASTRO_ATIVO_BASE_NFSE,1,PENDENTE_VALIDACAO_LEI_LOCAL,,PENDENTE,PENDENTE_OU_PARCIAL
5002704,MS,Campo Grande,True,962883,1,CAPITAL,F2aac7eac9a37,,SEM_REGISTRO_ATIVO,0,PENDENTE_VALIDACAO_LEI_LOCAL,,PENDENTE,PENDENTE_OU_PARCIAL
5003702,MS,Dourados,False,264017,2,5_MAIORES_NAO_CAPITAIS,F2aac7eac9a37,0.05,CADASTRO_ATIVO_BASE_NFSE,1,PENDENTE_VALIDACAO_LEI_LOCAL,,PENDENTE,PENDENTE_OU_PARCIAL
5008305,MS,Três Lagoas,False,143523,3,5_MAIORES_NAO_CAPITAIS,F2aac7eac9a37,0.05,CADASTRO_ATIVO_BASE_NFSE,1,PENDENTE_VALIDACAO_LEI_LOCAL,,PENDENTE,PENDENTE_OU_PARCIAL
5003207,MS,Corumbá,False,98751,4,5_MAIORES_NAO_CAPITAIS,F2aac7eac9a37,0.05,CADASTRO_ATIVO_BASE_NFSE,1,PENDENTE_VALIDACAO_LEI_LOCAL,,PENDENTE,PENDENTE_OU_PARCIAL
5006606,MS,Ponta Porã,False,98598,5,5_MAIORES_NAO_CAPITAIS,F2aac7eac9a37,0.05,CADASTRO_ATIVO_BASE_NFSE,1,PENDENTE_VALIDACAO_LEI_LOCAL,,PENDENTE,PENDENTE_OU_PARCIAL
5005707,MS,Naviraí,False,53014,6,5_MAIORES_NAO_CAPITAIS,F2aac7eac9a37,0.05,CADASTRO_ATIVO_BASE_NFSE,1,PENDENTE_VALIDACAO_LEI_LOCAL,,PENDENTE,PENDENTE_OU_PARCIAL
3106200,MG,Belo Horizonte,True,2415872,1,CAPITAL,F2aac7eac9a37,,SEM_REGISTRO_ATIVO,0,PENDENTE_VALIDACAO_LEI_LOCAL,0.03,FONTE_PRIMARIA_CONFERIDA,PENDENTE_OU_PARCIAL
3170206,MG,Uberlândia,False,761835,2,5_MAIORES_NAO_CAPITAIS,F2aac7eac9a37,0.05,CADASTRO_ATIVO_BASE_NFSE,1,PENDENTE_VALIDACAO_LEI_LOCAL,,PENDENTE,PENDENTE_OU_PARCIAL
3118601,MG,Contagem,False,651718,3,5_MAIORES_NAO_CAPITAIS,F2aac7eac9a37,0.05,CADASTRO_ATIVO_BASE_NFSE,1,PENDENTE_VALIDACAO_LEI_LOCAL,,PENDENTE,PENDENTE_OU_PARCIAL
3136702,MG,Juiz de Fora,False,567730,4,5_MAIORES_NAO_CAPITAIS,F2aac7eac9a37,,SEM_REGISTRO_ATIVO,0,PENDENTE_VALIDACAO_LEI_LOCAL,0.02,FONTE_PRIMARIA_CONFERIDA,PENDENTE_OU_PARCIAL
3143302,MG,Montes Claros,False,437601,5,5_MAIORES_NAO_CAPITAIS,F2aac7eac9a37,0.05,CADASTRO_ATIVO_BASE_NFSE,1,PENDENTE_VALIDACAO_LEI_LOCAL,,PENDENTE,PENDENTE_OU_PARCIAL
3106705,MG,Betim,False,431433,6,5_MAIORES_NAO_CAPITAIS,F2aac7eac9a37,0.05,MULTIPLOS_REGISTROS_REVISAR,2,PENDENTE_VALIDACAO_LEI_LOCAL,,PENDENTE,PENDENTE_OU_PARCIAL
1501402,PA,Belém,True,1397315,1,CAPITAL,F2aac7eac9a37,,SEM_REGISTRO_ATIVO,0,PENDENTE_VALIDACAO_LEI_LOCAL,0.03,PARCIAL,PENDENTE_OU_PARCIAL
1500800,PA,Ananindeua,False,509227,2,5_MAIORES_NAO_CAPITAIS,F2aac7eac9a37,0.05,CADASTRO_ATIVO_BASE_NFSE,1,PENDENTE_VALIDACAO_LEI_LOCAL,,PENDENTE,PENDENTE_OU_PARCIAL
1506807,PA,Santarém,False,360871,3,5_MAIORES_NAO_CAPITAIS,F2aac7eac9a37,,SEM_REGISTRO_ATIVO,0,PENDENTE_VALIDACAO_LEI_LOCAL,,PENDENTE,PENDENTE_OU_PARCIAL
1505536,PA,Parauapebas,False,305771,4,5_MAIORES_NAO_CAPITAIS,F2aac7eac9a37,0.05,CADASTRO_ATIVO_BASE_NFSE,1,PENDENTE_VALIDACAO_LEI_LOCAL,,PENDENTE,PENDENTE_OU_PARCIAL
1504208,PA,Marabá,False,290975,5,5_MAIORES_NAO_CAPITAIS,F2aac7eac9a37,,SEM_REGISTRO_ATIVO,0,PENDENTE_VALIDACAO_LEI_LOCAL,,PENDENTE,PENDENTE_OU_PARCIAL
1502400,PA,Castanhal,False,209126,6,5_MAIORES_NAO_CAPITAIS,F2aac7eac9a37,0.02,CADASTRO_ATIVO_BASE_NFSE,1,PENDENTE_VALIDACAO_LEI_LOCAL,,PENDENTE,PENDENTE_OU_PARCIAL
2507507,PB,João Pessoa,True,897633,1,CAPITAL,F2aac7eac9a37,,SEM_REGISTRO_ATIVO,0,PENDENTE_VALIDACAO_LEI_LOCAL,,PENDENTE,PENDENTE_OU_PARCIAL
2504009,PB,Campina Grande,False,443911,2,5_MAIORES_NAO_CAPITAIS,F2aac7eac9a37,0.05,CADASTRO_ATIVO_BASE_NFSE,1,PENDENTE_VALIDACAO_LEI_LOCAL,,PENDENTE,PENDENTE_OU_PARCIAL
2513703,PB,Santa Rita,False,160852,3,5_MAIORES_NAO_CAPITAIS,F2aac7eac9a37,0.05,CADASTRO_ATIVO_BASE_NFSE,1,PENDENTE_VALIDACAO_LEI_LOCAL,,PENDENTE,PENDENTE_OU_PARCIAL
2510808,PB,Patos,False,108104,4,5_MAIORES_NAO_CAPITAIS,F2aac7eac9a37,0.05,CADASTRO_ATIVO_BASE_NFSE,1,PENDENTE_VALIDACAO_LEI_LOCAL,,PENDENTE,PENDENTE_OU_PARCIAL
2501807,PB,Bayeux,False,83862,5,5_MAIORES_NAO_CAPITAIS,F2aac7eac9a37,0.05,CADASTRO_ATIVO_BASE_NFSE,1,PENDENTE_VALIDACAO_LEI_LOCAL,0.025,FONTE_PRIMARIA_CONFERIDA,FONTE_PRIMARIA_CONFERIDA
2503209,PB,Cabedelo,False,70734,6,5_MAIORES_NAO_CAPITAIS,F2aac7eac9a37,0.05,CADASTRO_ATIVO_BASE_NFSE,1,PENDENTE_VALIDACAO_LEI_LOCAL,,PENDENTE,PENDENTE_OU_PARCIAL
4106902,PR,Curitiba,True,1830795,1,CAPITAL,F2aac7eac9a37,0.04,CADASTRO_ATIVO_BASE_NFSE,1,PENDENTE_VALIDACAO_LEI_LOCAL,0.027,FONTE_PRIMARIA_CONFERIDA,FONTE_PRIMARIA_CONFERIDA
4113700,PR,Londrina,False,581382,2,5_MAIORES_NAO_CAPITAIS,F2aac7eac9a37,0.02,CADASTRO_ATIVO_BASE_NFSE,1,PENDENTE_VALIDACAO_LEI_LOCAL,,PENDENTE,PENDENTE_OU_PARCIAL
4115200,PR,Maringá,False,429660,3,5_MAIORES_NAO_CAPITAIS,F2aac7eac9a37,0.02,CADASTRO_ATIVO_BASE_NFSE,1,PENDENTE_VALIDACAO_LEI_LOCAL,,PENDENTE,PENDENTE_OU_PARCIAL
4119905,PR,Ponta Grossa,False,375632,4,5_MAIORES_NAO_CAPITAIS,F2aac7eac9a37,0.02,CADASTRO_ATIVO_BASE_NFSE,1,PENDENTE_VALIDACAO_LEI_LOCAL,,PENDENTE,PENDENTE_OU_PARCIAL
4104808,PR,Cascavel,False,368195,5,5_MAIORES_NAO_CAPITAIS,F2aac7eac9a37,0.025,CADASTRO_ATIVO_BASE_NFSE,1,PENDENTE_VALIDACAO_LEI_LOCAL,,PENDENTE,PENDENTE_OU_PARCIAL
4125506,PR,São José dos Pinhais,False,349880,6,5_MAIORES_NAO_CAPITAIS,F2aac7eac9a37,0.02,CADASTRO_ATIVO_BASE_NFSE,1,PENDENTE_VALIDACAO_LEI_LOCAL,,PENDENTE,PENDENTE_OU_PARCIAL
2611606,PE,Recife,True,1588376,1,CAPITAL,F2aac7eac9a37,,SEM_REGISTRO_ATIVO,0,PENDENTE_VALIDACAO_LEI_LOCAL,0.03,FONTE_PRIMARIA_CONFERIDA,PENDENTE_OU_PARCIAL
2607901,PE,Jaboatão dos Guararapes,False,684293,2,5_MAIORES_NAO_CAPITAIS,F2aac7eac9a37,0.05,CADASTRO_ATIVO_BASE_NFSE,1,PENDENTE_VALIDACAO_LEI_LOCAL,,PENDENTE,PENDENTE_OU_PARCIAL
2611101,PE,Petrolina,False,418444,3,5_MAIORES_NAO_CAPITAIS,F2aac7eac9a37,0.05,CADASTRO_ATIVO_BASE_NFSE,1,PENDENTE_VALIDACAO_LEI_LOCAL,,PENDENTE,PENDENTE_OU_PARCIAL
2604106,PE,Caruaru,False,405408,4,5_MAIORES_NAO_CAPITAIS,F2aac7eac9a37,0.05,CADASTRO_ATIVO_BASE_NFSE,1,PENDENTE_VALIDACAO_LEI_LOCAL,,PENDENTE,PENDENTE_OU_PARCIAL
2610707,PE,Paulista,False,365144,5,5_MAIORES_NAO_CAPITAIS,F2aac7eac9a37,0.05,CADASTRO_ATIVO_BASE_NFSE,1,PENDENTE_VALIDACAO_LEI_LOCAL,,PENDENTE,PENDENTE_OU_PARCIAL
2609600,PE,Olinda,False,364717,6,5_MAIORES_NAO_CAPITAIS,F2aac7eac9a37,0.05,CADASTRO_ATIVO_BASE_NFSE,1,PENDENTE_VALIDACAO_LEI_LOCAL,,PENDENTE,PENDENTE_OU_PARCIAL
2211001,PI,Teresina,True,905692,1,CAPITAL,F2aac7eac9a37,,SEM_REGISTRO_ATIVO,0,PENDENTE_VALIDACAO_LEI_LOCAL,,PENDENTE,PENDENTE_OU_PARCIAL
2207702,PI,Parnaíba,False,170491,2,5_MAIORES_NAO_CAPITAIS,F2aac7eac9a37,0.05,CADASTRO_ATIVO_BASE_NFSE,1,PENDENTE_VALIDACAO_LEI_LOCAL,,PENDENTE,PENDENTE_OU_PARCIAL
2208007,PI,Picos,False,86701,3,5_MAIORES_NAO_CAPITAIS,F2aac7eac9a37,0.05,CADASTRO_ATIVO_BASE_NFSE,1,PENDENTE_VALIDACAO_LEI_LOCAL,,PENDENTE,PENDENTE_OU_PARCIAL
2208403,PI,Piripiri,False,67887,4,5_MAIORES_NAO_CAPITAIS,F2aac7eac9a37,0.05,CADASTRO_ATIVO_BASE_NFSE,1,PENDENTE_VALIDACAO_LEI_LOCAL,,PENDENTE,PENDENTE_OU_PARCIAL
2203909,PI,Floriano,False,64393,5,5_MAIORES_NAO_CAPITAIS,F2aac7eac9a37,0.05,CADASTRO_ATIVO_BASE_NFSE,1,PENDENTE_VALIDACAO_LEI_LOCAL,,PENDENTE,PENDENTE_OU_PARCIAL
2200400,PI,Altos,False,50094,6,5_MAIORES_NAO_CAPITAIS,F2aac7eac9a37,0.05,CADASTRO_ATIVO_BASE_NFSE,1,PENDENTE_VALIDACAO_LEI_LOCAL,,PENDENTE,PENDENTE_OU_PARCIAL
3304557,RJ,Rio de Janeiro,True,6730729,1,CAPITAL,F2aac7eac9a37,,SEM_REGISTRO_ATIVO,0,PENDENTE_VALIDACAO_LEI_LOCAL,0.03,FONTE_PRIMARIA_CONFERIDA,PENDENTE_OU_PARCIAL
3304904,RJ,São Gonçalo,False,960196,2,5_MAIORES_NAO_CAPITAIS,F2aac7eac9a37,0.05,CADASTRO_ATIVO_BASE_NFSE,1,PENDENTE_VALIDACAO_LEI_LOCAL,,PENDENTE,PENDENTE_OU_PARCIAL
3301702,RJ,Duque de Caxias,False,866225,3,5_MAIORES_NAO_CAPITAIS,F2aac7eac9a37,0.05,CADASTRO_ATIVO_BASE_NFSE,1,PENDENTE_VALIDACAO_LEI_LOCAL,,PENDENTE,PENDENTE_OU_PARCIAL
3303500,RJ,Nova Iguaçu,False,843220,4,5_MAIORES_NAO_CAPITAIS,F2aac7eac9a37,0.05,CADASTRO_ATIVO_BASE_NFSE,1,PENDENTE_VALIDACAO_LEI_LOCAL,,PENDENTE,PENDENTE_OU_PARCIAL
3301009,RJ,Campos dos Goytacazes,False,519259,5,5_MAIORES_NAO_CAPITAIS,F2aac7eac9a37,,SEM_REGISTRO_ATIVO,0,PENDENTE_VALIDACAO_LEI_LOCAL,,PENDENTE,PENDENTE_OU_PARCIAL
3300456,RJ,Belford Roxo,False,518384,6,5_MAIORES_NAO_CAPITAIS,F2aac7eac9a37,0.05,CADASTRO_ATIVO_BASE_NFSE,1,PENDENTE_VALIDACAO_LEI_LOCAL,,PENDENTE,PENDENTE_OU_PARCIAL
2408102,RN,Natal,True,784249,1,CAPITAL,F2aac7eac9a37,0.05,CADASTRO_ATIVO_BASE_NFSE,1,PENDENTE_VALIDACAO_LEI_LOCAL,,PENDENTE,PENDENTE_OU_PARCIAL
2408003,RN,Mossoró,False,278587,2,5_MAIORES_NAO_CAPITAIS,F2aac7eac9a37,0.05,CADASTRO_ATIVO_BASE_NFSE,1,PENDENTE_VALIDACAO_LEI_LOCAL,,PENDENTE,PENDENTE_OU_PARCIAL
2403251,RN,Parnamirim,False,271713,3,5_MAIORES_NAO_CAPITAIS,F2aac7eac9a37,0.05,CADASTRO_ATIVO_BASE_NFSE,1,PENDENTE_VALIDACAO_LEI_LOCAL,,PENDENTE,PENDENTE_OU_PARCIAL
2412005,RN,São Gonçalo do Amarante,False,124495,4,5_MAIORES_NAO_CAPITAIS,F2aac7eac9a37,0.05,CADASTRO_ATIVO_BASE_NFSE,1,PENDENTE_VALIDACAO_LEI_LOCAL,,PENDENTE,PENDENTE_OU_PARCIAL
2407104,RN,Macaíba,False,87056,5,5_MAIORES_NAO_CAPITAIS,F2aac7eac9a37,0.05,CADASTRO_ATIVO_BASE_NFSE,1,PENDENTE_VALIDACAO_LEI_LOCAL,,PENDENTE,PENDENTE_OU_PARCIAL
2402600,RN,Ceará-Mirim,False,83543,6,5_MAIORES_NAO_CAPITAIS,F2aac7eac9a37,0.05,CADASTRO_ATIVO_BASE_NFSE,1,PENDENTE_VALIDACAO_LEI_LOCAL,,PENDENTE,PENDENTE_OU_PARCIAL
4314902,RS,Porto Alegre,True,1388794,1,CAPITAL,F2aac7eac9a37,0.05,CADASTRO_ATIVO_BASE_NFSE,1,PENDENTE_VALIDACAO_LEI_LOCAL,,PENDENTE,PENDENTE_OU_PARCIAL
4305108,RS,Caxias do Sul,False,479599,2,5_MAIORES_NAO_CAPITAIS,F2aac7eac9a37,,SEM_REGISTRO_ATIVO,0,PENDENTE_VALIDACAO_LEI_LOCAL,0.02,FONTE_PRIMARIA_CONFERIDA,PENDENTE_OU_PARCIAL
4304606,RS,Canoas,False,359840,3,5_MAIORES_NAO_CAPITAIS,F2aac7eac9a37,,SEM_REGISTRO_ATIVO,0,PENDENTE_VALIDACAO_LEI_LOCAL,,PENDENTE,PENDENTE_OU_PARCIAL
4314407,RS,Pelotas,False,336150,4,5_MAIORES_NAO_CAPITAIS,F2aac7eac9a37,0.04,CADASTRO_ATIVO_BASE_NFSE,1,PENDENTE_VALIDACAO_LEI_LOCAL,,PENDENTE,PENDENTE_OU_PARCIAL
4316907,RS,Santa Maria,False,282395,5,5_MAIORES_NAO_CAPITAIS,F2aac7eac9a37,,SEM_REGISTRO_ATIVO,0,PENDENTE_VALIDACAO_LEI_LOCAL,,PENDENTE,PENDENTE_OU_PARCIAL
4309209,RS,Gravataí,False,275430,6,5_MAIORES_NAO_CAPITAIS,F2aac7eac9a37,0.05,CADASTRO_ATIVO_BASE_NFSE,1,PENDENTE_VALIDACAO_LEI_LOCAL,,PENDENTE,PENDENTE_OU_PARCIAL
1100205,RO,Porto Velho,True,517709,1,CAPITAL,F2aac7eac9a37,0.05,CADASTRO_ATIVO_BASE_NFSE,1,PENDENTE_VALIDACAO_LEI_LOCAL,0.02,FONTE_PRIMARIA_CONFERIDA,FONTE_PRIMARIA_CONFERIDA
1100122,RO,Ji-Paraná,False,140101,2,5_MAIORES_NAO_CAPITAIS,F2aac7eac9a37,0.05,CADASTRO_ATIVO_BASE_NFSE,1,PENDENTE_VALIDACAO_LEI_LOCAL,,PENDENTE,PENDENTE_OU_PARCIAL
1100304,RO,Vilhena,False,109651,3,5_MAIORES_NAO_CAPITAIS,F2aac7eac9a37,0.05,CADASTRO_ATIVO_BASE_NFSE,1,PENDENTE_VALIDACAO_LEI_LOCAL,,PENDENTE,PENDENTE_OU_PARCIAL
1100023,RO,Ariquemes,False,109170,4,5_MAIORES_NAO_CAPITAIS,F2aac7eac9a37,0.05,CADASTRO_ATIVO_BASE_NFSE,1,PENDENTE_VALIDACAO_LEI_LOCAL,,PENDENTE,PENDENTE_OU_PARCIAL
1100049,RO,Cacoal,False,98280,5,5_MAIORES_NAO_CAPITAIS,F2aac7eac9a37,0.05,CADASTRO_ATIVO_BASE_NFSE,1,PENDENTE_VALIDACAO_LEI_LOCAL,,PENDENTE,PENDENTE_OU_PARCIAL
1100288,RO,Rolim de Moura,False,62959,6,5_MAIORES_NAO_CAPITAIS,F2aac7eac9a37,0.05,CADASTRO_ATIVO_BASE_NFSE,1,PENDENTE_VALIDACAO_LEI_LOCAL,,PENDENTE,PENDENTE_OU_PARCIAL
1400100,RR,Boa Vista,True,485477,1,CAPITAL,F2aac7eac9a37,0.05,CADASTRO_ATIVO_BASE_NFSE,1,PENDENTE_VALIDACAO_LEI_LOCAL,,PENDENTE,PENDENTE_OU_PARCIAL
1400472,RR,Rorainópolis,False,37787,2,5_MAIORES_NAO_CAPITAIS,F2aac7eac9a37,0.05,CADASTRO_ATIVO_BASE_NFSE,1,PENDENTE_VALIDACAO_LEI_LOCAL,,PENDENTE,PENDENTE_OU_PARCIAL
1400050,RR,Alto Alegre,False,23589,3,5_MAIORES_NAO_CAPITAIS,F2aac7eac9a37,0.05,CADASTRO_ATIVO_BASE_NFSE,1,PENDENTE_VALIDACAO_LEI_LOCAL,,PENDENTE,PENDENTE_OU_PARCIAL
1400456,RR,Pacaraima,False,23112,4,5_MAIORES_NAO_CAPITAIS,F2aac7eac9a37,0.05,CADASTRO_ATIVO_BASE_NFSE,1,PENDENTE_VALIDACAO_LEI_LOCAL,,PENDENTE,PENDENTE_OU_PARCIAL
1400209,RR,Caracaraí,False,22750,5,5_MAIORES_NAO_CAPITAIS,F2aac7eac9a37,0.05,CADASTRO_ATIVO_BASE_NFSE,1,PENDENTE_VALIDACAO_LEI_LOCAL,,PENDENTE,PENDENTE_OU_PARCIAL
1400175,RR,Cantá,False,21102,6,5_MAIORES_NAO_CAPITAIS,F2aac7eac9a37,0.05,CADASTRO_ATIVO_BASE_NFSE,1,PENDENTE_VALIDACAO_LEI_LOCAL,,PENDENTE,PENDENTE_OU_PARCIAL
4205407,SC,Florianópolis,True,587486,2,CAPITAL,F2aac7eac9a37,0.05,CADASTRO_ATIVO_BASE_NFSE,1,PENDENTE_VALIDACAO_LEI_LOCAL,,PENDENTE,PENDENTE_OU_PARCIAL
4209102,SC,Joinville,False,664541,1,5_MAIORES_NAO_CAPITAIS,F2aac7eac9a37,0.03,CADASTRO_ATIVO_BASE_NFSE,1,PENDENTE_VALIDACAO_LEI_LOCAL,,PENDENTE,PENDENTE_OU_PARCIAL
4202404,SC,Blumenau,False,385558,3,5_MAIORES_NAO_CAPITAIS,F2aac7eac9a37,0.02,CADASTRO_ATIVO_BASE_NFSE,1,PENDENTE_VALIDACAO_LEI_LOCAL,,PENDENTE,PENDENTE_OU_PARCIAL
4216602,SC,São José,False,295658,4,5_MAIORES_NAO_CAPITAIS,F2aac7eac9a37,0.05,CADASTRO_ATIVO_BASE_NFSE,1,PENDENTE_VALIDACAO_LEI_LOCAL,,PENDENTE,PENDENTE_OU_PARCIAL
4208203,SC,Itajaí,False,294850,5,5_MAIORES_NAO_CAPITAIS,F2aac7eac9a37,0.02,CADASTRO_ATIVO_BASE_NFSE,1,PENDENTE_VALIDACAO_LEI_LOCAL,,PENDENTE,PENDENTE_OU_PARCIAL
4204202,SC,Chapecó,False,282648,6,5_MAIORES_NAO_CAPITAIS,F2aac7eac9a37,0.04,CADASTRO_ATIVO_BASE_NFSE,1,PENDENTE_VALIDACAO_LEI_LOCAL,,PENDENTE,PENDENTE_OU_PARCIAL
3550308,SP,São Paulo,True,11904961,1,CAPITAL,F2aac7eac9a37,,SEM_REGISTRO_ATIVO,0,PENDENTE_VALIDACAO_LEI_LOCAL,0.03,FONTE_PRIMARIA_CONFERIDA,FONTE_PRIMARIA_CONFERIDA
3518800,SP,Guarulhos,False,1349100,2,5_MAIORES_NAO_CAPITAIS,F2aac7eac9a37,,SEM_REGISTRO_ATIVO,0,PENDENTE_VALIDACAO_LEI_LOCAL,,PENDENTE,PENDENTE_OU_PARCIAL
3509502,SP,Campinas,False,1187974,3,5_MAIORES_NAO_CAPITAIS,F2aac7eac9a37,,SEM_REGISTRO_ATIVO,0,PENDENTE_VALIDACAO_LEI_LOCAL,,PENDENTE,PENDENTE_OU_PARCIAL
3548708,SP,São Bernardo do Campo,False,841154,4,5_MAIORES_NAO_CAPITAIS,F2aac7eac9a37,,SEM_REGISTRO_ATIVO,0,PENDENTE_VALIDACAO_LEI_LOCAL,,PENDENTE,PENDENTE_OU_PARCIAL
3547809,SP,Santo André,False,782048,5,5_MAIORES_NAO_CAPITAIS,F2aac7eac9a37,,SEM_REGISTRO_ATIVO,0,PENDENTE_VALIDACAO_LEI_LOCAL,,PENDENTE,PENDENTE_OU_PARCIAL
3552205,SP,Sorocaba,False,762172,6,5_MAIORES_NAO_CAPITAIS,F2aac7eac9a37,,SEM_REGISTRO_ATIVO,0,PENDENTE_VALIDACAO_LEI_LOCAL,,PENDENTE,PENDENTE_OU_PARCIAL
2800308,SE,Aracaju,True,630932,1,CAPITAL,F2aac7eac9a37,0.05,CADASTRO_ATIVO_BASE_NFSE,1,PENDENTE_VALIDACAO_LEI_LOCAL,,PENDENTE,PENDENTE_OU_PARCIAL
2804805,SE,Nossa Senhora do Socorro,False,204081,2,5_MAIORES_NAO_CAPITAIS,F2aac7eac9a37,0.05,CADASTRO_ATIVO_BASE_NFSE,1,PENDENTE_VALIDACAO_LEI_LOCAL,,PENDENTE,PENDENTE_OU_PARCIAL
2802908,SE,Itabaiana,False,109250,3,5_MAIORES_NAO_CAPITAIS,F2aac7eac9a37,0.05,CADASTRO_ATIVO_BASE_NFSE,1,PENDENTE_VALIDACAO_LEI_LOCAL,,PENDENTE,PENDENTE_OU_PARCIAL
2803500,SE,Lagarto,False,105957,4,5_MAIORES_NAO_CAPITAIS,F2aac7eac9a37,0.05,CADASTRO_ATIVO_BASE_NFSE,1,PENDENTE_VALIDACAO_LEI_LOCAL,,PENDENTE,PENDENTE_OU_PARCIAL
2806701,SE,São Cristóvão,False,101213,5,5_MAIORES_NAO_CAPITAIS,F2aac7eac9a37,0.05,CADASTRO_ATIVO_BASE_NFSE,1,PENDENTE_VALIDACAO_LEI_LOCAL,0.02,FONTE_PRIMARIA_CONFERIDA,PENDENTE_OU_PARCIAL
2802106,SE,Estância,False,67060,6,5_MAIORES_NAO_CAPITAIS,F2aac7eac9a37,0.05,CADASTRO_ATIVO_BASE_NFSE,1,PENDENTE_VALIDACAO_LEI_LOCAL,,PENDENTE,PENDENTE_OU_PARCIAL
1721000,TO,Palmas,True,328499,1,CAPITAL,F2aac7eac9a37,0.05,CADASTRO_ATIVO_BASE_NFSE,1,PENDENTE_VALIDACAO_LEI_LOCAL,,PENDENTE,PENDENTE_OU_PARCIAL
1702109,TO,Araguaína,False,183024,2,5_MAIORES_NAO_CAPITAIS,F2aac7eac9a37,0.05,CADASTRO_ATIVO_BASE_NFSE,1,PENDENTE_VALIDACAO_LEI_LOCAL,,PENDENTE,PENDENTE_OU_PARCIAL
1709500,TO,Gurupi,False,90209,3,5_MAIORES_NAO_CAPITAIS,F2aac7eac9a37,0.05,CADASTRO_ATIVO_BASE_NFSE,1,PENDENTE_VALIDACAO_LEI_LOCAL,,PENDENTE,PENDENTE_OU_PARCIAL
1718204,TO,Porto Nacional,False,69551,4,5_MAIORES_NAO_CAPITAIS,F2aac7eac9a37,0.05,CADASTRO_ATIVO_BASE_NFSE,1,PENDENTE_VALIDACAO_LEI_LOCAL,,PENDENTE,PENDENTE_OU_PARCIAL
1716109,TO,Paraíso do Tocantins,False,55704,5,5_MAIORES_NAO_CAPITAIS,F2aac7eac9a37,0.05,CADASTRO_ATIVO_BASE_NFSE,1,PENDENTE_VALIDACAO_LEI_LOCAL,,PENDENTE,PENDENTE_OU_PARCIAL
1705508,TO,Colinas do Tocantins,False,36209,6,5_MAIORES_NAO_CAPITAIS,F2aac7eac9a37,0.05,CADASTRO_ATIVO_BASE_NFSE,1,PENDENTE_VALIDACAO_LEI_LOCAL,,PENDENTE,PENDENTE_OU_PARCIAL
