uf,status,faixas_escritura,faixas_registro,motor,issqn,fonte_id,url,logica_identificada,producao_nacional_liberada
AC,FAIXAS_TRANSCRITAS_ISS_PENDENTE,15,15,FAIXA_FIXA,MUNICIPAL_DO_CARTORIO,F8d2b80eb0d85,https://www.tjac.jus.br/wp-content/uploads/2026/01/Tabela-de-Custas-Extrajudiciais-2026.pdf,"15faixas cada ato; emol85%, compensação5%, fiscalização10% do preço tabelado; última fronteira ambígua500000,01; ISSpendente.",False
AL,FAIXAS_E_MODELO_ISS_CONFERIDOS,26,26,FAIXA_FIXA,MUNICIPAL_DO_CARTORIO,F8ecf13158e26,https://emolumentos.tjal.jus.br/atos-notas,Lei9778/2025 vigente29/03/2026; VE+TSNR26%VE+ISSmunicipalVE; selo sem repasse.,False
AM,FONTE_INTEGRAL_OBTIDA_MOTOR_PENDENTE,0,0,PENDENTE,MUNICIPAL_DO_CARTORIO,Fa1421339dc04,https://www.tjam.jus.br/index.php/publicacoes-documentos/resolucoes-publicacoes-doc/cgj/cgj-emolumentos/emolumentos-capital/63997-tabela-de-emolumentos-2026-lei-n-8-212-de-28-de-abril-de-2026/file,"Lei8212/2026 altera faixas a partir1.055.700,01; unir tabela anterior para faixas inferiores; ISS5%daCapital na cópia, não estadual.",False
AP,PENDENTE_TABELA_FINANCEIRA,0,0,PENDENTE,MUNICIPAL_DO_CARTORIO,Fc704546e057e,https://www.tjap.jus.br/portal/,"Tabela atual e ato atualizador2026 ainda pendentes; portalTribunal é caminho de pesquisa, não fonte de valor.",False
BA,PARCIAL_COMPONENTES_ISS,21,21,FAIXA_FIXA,MUNICIPAL_DO_CARTORIO,Fa053c0581f74,https://www.tjba.jus.br/extrajudicial/wp-content/uploads/2025/12/TABELA-DE-CUSTAS-TJBA-2026-C-DECRETO.pdf,21faixas cada ato em valor global; identificar repartição e tratamentoISS; SFHprimeiraaquisição redução50%nas taxas conforme notas.,False
CE,FAIXAS_TRANSCRITAS_ISS_PENDENTE,9,8,FAIXA_FIXA,MUNICIPAL_DO_CARTORIO,F8b9e38bd7524,https://portal.tjce.jus.br/uploads/2026/01/Tab.-Emolumentos-2026.pdf,"Portaria2982/2025, vigência02/01/2026:9faixas fixas de escritura e8de registro, seguidas de fórmula por fração de10,98 com tetos. Total contém emolumento,FERMOJU,selo,FAADEP5% eFRMMP5%. Registro soma taxa adicional007010; títulos com garantia usam007011 em substituição. ISS separado.",False
DF,FAIXAS_TRANSCRITAS_ISS_PENDENTE,11,10,FAIXA_FIXA,MUNICIPAL_DO_CARTORIO,F30cfb7848682,https://www.tjdft.jus.br/informacoes/extrajudicial/tabela-de-custas,Faixas fixas; CCRCPN; emolumentos base maior valor declarado/fiscal conforme notas; múltiplos imóveis maior por inteiro +25%demais; ISSpendente.,False
ES,FAIXAS_TRANSCRITAS_ISS_PENDENTE,34,35,FAIXA_FIXA,MUNICIPAL_DO_CARTORIO,F9beca8d816ab,https://www.cartoriocarapina.com.br/wp-content/uploads/2026/01/Tabela-de-Emolumentos-Completa-2026.pdf,"Tabela SINOREG-ES 2026 com FARPEN:34 faixas de escritura e35 de registro. Total inclui processamento de dados11,10; componentes agregam FARPEN, FUNEPJ, FADESPES, FUNEMP e FUNCAD. ISS depende de previsão e alíquota municipal; campo0 não significa isenção.",False
GO,PENDENTE_TABELA_FINANCEIRA,0,0,PENDENTE,MUNICIPAL_DO_CARTORIO,Fdfbec46eac51,https://extrajudicial.tjgo.jus.br/ajuda/publico,Arquivo técnico oficial atualizado24/07/2026 ODS preservado; váriasatribuições e taxasjudiciárias; extração/motor pendentes.,False
MA,PENDENTE_TABELA_FINANCEIRA,0,0,PENDENTE,MUNICIPAL_DO_CARTORIO,Fbe11e94cd0f2,https://www.tjma.jus.br/midia/dafic/pagina/hotsite/510286,Resolução143/2025 referência2026 localizada; tabela financeira pendente extração.,False
MG,FAIXAS_TRANSCRITAS_ISS_PENDENTE,23,23,FAIXA_FIXA,MUNICIPAL_DO_CARTORIO,F8f0d5a58b655,https://www8.tjmg.jus.br/institucional/at/pdf/cpo86642025.pdf,"Faixas até3,2mi completas. Excedente:ceil((BC-3200000)/500000), teto100faixas; acréscimos3289,90 primeira +2193,27 demais sobre emolumentos brutos;40%destinaçãoart45A; TFJ4673,83. Integração/decomposição bruta pendente.",False
MS,FONTE_INTEGRAL_OBTIDA_MOTOR_PENDENTE,0,0,PENDENTE,MUNICIPAL_DO_CARTORIO,Fb7c706783edb,https://anoregms.org.br/wp-content/uploads/2026/01/emolumentos-2026.pdf,Arquivo publicado sobnome2026 contém páginas Diário2024/2025; não presumir tabela2026 sem ato atualizador.,False
MT,FONTE_INTEGRAL_OBTIDA_MOTOR_PENDENTE,0,0,FIXO_ACRESCIMO_TETO,MUNICIPAL_DO_CARTORIO,Fa37d456af2a5,https://www.6oficio.com.br/download/tabcustas/tabeladecustas.pdf,"Escritura:300,65 até5353,45; +29,50 a cada acréscimo1338,53, teto6948,45. Fonte2026setorial; arredondamentofração e fundos pendentes.",False
PA,PENDENTE_TABELA_FINANCEIRA,0,0,PENDENTE,MUNICIPAL_DO_CARTORIO,F5a6db53405ff,https://www.tjpa.jus.br/PortalExterno/institucional/Corregedoria-de-Justica/588953-Tabela-de-Emolumentos.xhtml,GruposISS e bases distintas localizadas em cópias; confirmar tabela2026Corregedoria.,False
PB,FONTE_INTEGRAL_OBTIDA_MOTOR_PENDENTE,0,0,PENDENTE,MUNICIPAL_DO_CARTORIO,Fc17b45a68a25,https://corregedoria.tjpb.jus.br/wp-content/uploads/2026/01/Tabela-de-Emolumentos-de-2026-CGJ.pdf,PDF contém Diário integral; separar anexo doato2026 antesnormalização.,False
PE,PENDENTE_TABELA_FINANCEIRA,0,0,PENDENTE,MUNICIPAL_DO_CARTORIO,F1f76552d32a4,https://portal.tjpe.jus.br/documents/d/corregedoria/tabela-emolumentos-2025-pdf,Ato1556/2025 atualiza2026; link obtido para2025 não é fontefinanceira2026.,False
PI,PENDENTE_TABELA_FINANCEIRA,0,0,PENDENTE,MUNICIPAL_DO_CARTORIO,Fb8880a85dd49,https://corregedoria.tjpi.jus.br/portaltjpi/corregedoria/provimentos/,PortConjunta168/2026 localizada; PDF financeiro pendente.,False
PR,FONTE_INTEGRAL_OBTIDA_MOTOR_PENDENTE,0,0,PENDENTE,MUNICIPAL_DO_CARTORIO,F13337bf9d2e3,https://www.tjpr.jus.br/documents/14930420/33713065/Tabela%2Bde%2BEmolumentos%2B-%2BCorreta/49e07f25-92bf-34b2-6b6e-a38fd2ecc318,"VRCext0,217; tabela não progressiva; notasCPC/Funrejus e custas acessórias precisam decomposição.",False
RJ,FAIXAS_TRANSCRITAS_ISS_PENDENTE,8,8,FAIXA_FIXA,MUNICIPAL_DO_CARTORIO,F0ce1dec000d7,https://www3.tjrj.jus.br/portalextrajudicial/emolumentos.aspx,"Portaria516/2026 vigente09/03:8faixas por ato até561711,99; acima disso +252,43 de emolumento e+5,04 do adicional2% a cada140427,98/fração. Fundos20%+8,5%+8,5%+6%+1%+1%+1%, selo3,27, ISS e distribuição separados. Compra+mútuo/AF cobra2atos pelas respectivas bases. Primeira aquisição residencialSFH:50% nos emolumentos e sem fundos conforme nota7.",False
RN,PENDENTE_TABELA_FINANCEIRA,0,0,PENDENTE,MUNICIPAL_DO_CARTORIO,F589ccb126869,https://corregedoria.tjrn.jus.br/,Tabela vigente2026 não obtida; não usar tabela antiga por inferência.,False
RO,PENDENTE_TABELA_FINANCEIRA,0,0,PENDENTE,MUNICIPAL_DO_CARTORIO,F8c9d8450d1af,https://atos.tjro.jus.br/detalhar/6233,Provimento36/2025 referência2026; download integral bloqueado/incompleto.,False
RR,FAIXAS_TRANSCRITAS_ISS_PENDENTE,12,12,FAIXA_FIXA,MUNICIPAL_DO_CARTORIO,Fad9e04cab6ac,https://atos.tjrr.jus.br/atos/detalhar/8221,"12faixas cada ato; Fecom5%emol+Fundejurr/fiscal15%emol+selo1,90; ISSmunicipalpendente.",False
RS,FAIXAS_TRANSCRITAS_ISS_PENDENTE,26,32,FAIXA_FIXA,MUNICIPAL_DO_CARTORIO,Fdd27e04e2f32,https://www.tjrs.jus.br/static/2025/12/Tabela_de_Emolumentos_2026.pdf,"Tabela oficial TJRS 2026:26 faixas de escritura e32 de registro, incluindo processamento eletrônico de dados de7,30 por ato. Escritura usa avaliação fiscal de cada imóvel nas transmissões; registro usa avaliação fiscal quando aplicável e, nos demais casos, o valor do ato. ISS municipal separado.",False
SC,PENDENTE_TABELA_FINANCEIRA,0,0,PENDENTE,MUNICIPAL_DO_CARTORIO,Fdce3476d1501,https://www.tjsc.jus.br/web/corregedoria-geral-da-justica/normas-e-orientacoes/emolumentos,"Circular643/2025,INPC4,18%,01/01/2026 localizada; arquivo atual pendenteextração.",False
SE,PENDENTE_TABELA_FINANCEIRA,0,0,PENDENTE,MUNICIPAL_DO_CARTORIO,F98aab54ba46e,https://www.tjse.jus.br/portal/cidadao/itemlist/category/43-tabela-de-custas-e-emolumentos,Portalremete Lei8639/2019; atualização monetária2026 ainda não confirmada.,False
SP,PENDENTE_TABELA_FINANCEIRA,0,0,PENDENTE,MUNICIPAL_DO_CARTORIO,F83dc6e0fba2e,https://extrajudicial.tjsp.jus.br/,"CNB/SPpublicou tabelas2026 comISS0/2/3/4/5%;ISSsobre receita permitida lei; arquivoXLSXretornou403, não normalizado.",False
TO,FONTE_INTEGRAL_OBTIDA_MOTOR_PENDENTE,0,0,PENDENTE,MUNICIPAL_DO_CARTORIO,Ff44e2a49dee4,https://diario.tjto.jus.br/materia/909593,Provimento12/2025 atualiza2026; tabela integral obtidaHTML; extração de operações e adicionais pendente.,False
